Ticker,Security,Start Date,End Date,Period,Period 2,Currency,DATE 1,Best Div Yld,Best_EV,CUR_MKT_CAP,YEARLY DATA,NET_DEBT,BEST_EPS,BEST_EBITDA
MMM,MMM US Equity,44631,44631,D,Q,USD,44631,4.261,93022.256,80502.256,44561,13552,2.556,2390.4
AOS,AOS US Equity,44631,44631,D,Q,USD,44631,1.704,9921.534,10319.5337,44561,-400.7,0.801,179.5
ABT,ABT US Equity,44631,44631,D,Q,USD,44631,1.719,207170.248,201072.2481,44561,8934,1.107,2736.714
ABBV,ABBV US Equity,44631,44631,D,Q,USD,44631,3.775,325604.646,263650.4458,44561,67745,3.146,8569
ABMD,ABMD US Equity,44631,44631,D,Q,USD,44631,#N/A N/A,12772.591,13053.591,44561,-922.822,1.09,70.967
ACN,ACN US Equity,44631,44631,D,Q,USD,44631,1.271,198118.786,205422.3266,44561,-2166.807,2.407,2497.444
ATVI,ATVI US Equity,44631,44631,D,Q,USD,44631,#N/A N/A,54972.554,62580.3539,44561,-6526,0.799,845.857
ADM,ADM US Equity,44631,44631,D,Q,USD,44631,1.895,54962.125,46997.1254,44561,9638,1.19,1131.857
ADBE,ADBE US Equity,44631,44631,D,Q,USD,44631,#N/A N/A,194949.397,196677.3965,44561,-1125,3.345,2163.778
ADP,ADP US Equity,44631,44631,D,Q,USD,44631,1.984,#N/A N/A,87062.7821,44561,1684.5,2.074,1250.4
AAP,AAP US Equity,44631,44631,D,Q,USD,44631,2.94,12974.544,12468.7939,44561,3235.664,3.312,353.6
AES,AES US Equity,44631,44631,D,Q,USD,44631,2.883,#N/A N/A,14816.1722,44561,17972,0.34,474
AFL,AFL US Equity,44631,44631,D,Q,USD,44631,2.718,#N/A N/A,38965.6581,44561,3010,1.343,#N/A N/A
A,A US Equity,44631,44631,D,Q,USD,44631,0.629,#N/A N/A,39107.7742,44561,1572,1.116,446.714
AIG,AIG US Equity,44631,44631,D,Q,USD,44631,2.267,#N/A N/A,46441.1992,44561,29165,1.317,#N/A N/A
APD,APD US Equity,44631,44631,D,Q,USD,44631,2.941,53788.46,48640.3604,44561,3695.7,2.514,1058.75
AKAM,AKAM US Equity,44631,44631,D,Q,USD,44631,#N/A N/A,17408.591,17387.9914,44561,692.694,1.449,395.769
ALK,ALK US Equity,44631,44631,D,Q,USD,44631,#N/A N/A,#N/A N/A,6147.0446,44561,970,-0.526,18.333
ALB,ALB US Equity,44631,44631,D,Q,USD,44631,1.183,24101.693,21623.685,44561,2876.86,1.174,237.75
ARE,ARE US Equity,44631,44631,D,Q,USD,44631,2.48,#N/A N/A,30138.1219,44561,8949.06,0.74,360.667
ALGN,ALGN US Equity,44631,44631,D,Q,USD,44631,#N/A N/A,31771.991,31570.9906,44561,-1171.287,2.968,341.667
ALLE,ALLE US Equity,44631,44631,D,Q,USD,44631,1.473,10932.23,9820.9305,44561,1136.6,1.098,146.167
LNT,LNT US Equity,44631,44631,D,Q,USD,44631,2.823,23049.331,15086.331,44561,7858,0.638,389
ALL,ALL US Equity,44631,44631,D,Q,USD,44631,2.769,44293.337,34342.3369,44561,7678,2.976,#N/A N/A
GOOGL,GOOGL US Equity,44631,44631,D,Q,USD,44631,#N/A N/A,1589077.697,1720902.447,44561,-111141,28.245,26855.364
GOOG,GOOG US Equity,44631,44631,D,Q,USD,44631,#N/A N/A,1589077.697,1720902.447,44561,-111141,28.245,26855.364
MO,MO US Equity,44631,44631,D,Q,USD,44631,7.373,122449.15,91735.1496,44561,23500,1.088,2893
AMZN,AMZN US Equity,44631,44631,D,Q,USD,44631,#N/A N/A,1521993.9,1480986.567,44561,36269,14.854,18286.8
AMCR,AMCR US Equity,44631,44631,D,Q,USD,44631,4.404,22550.127,16499.6267,44561,6510,0.2,534.8
AMD,AMD US Equity,44631,44631,D,Q,USD,44631,#N/A N/A,165591.226,169717.8931,44561,-2876,0.684,1104.6
AEE,AEE US Equity,44631,44631,D,Q,USD,44631,2.643,36360.821,22345.8206,44561,13604,0.978,724.5
AAL,AAL US Equity,44631,44631,D,Q,USD,44631,#N/A N/A,35976.725,9101.2248,44561,33721,-1.359,-264
AEP,AEP US Equity,44631,44631,D,Q,USD,44631,3.329,86627.937,48174.9366,44561,35987.1,1.28,1662
AXP,AXP US Equity,44631,44631,D,Q,USD,44631,1.226,#N/A N/A,127495.7035,44561,18890,2.273,#N/A N/A
AMT,AMT US Equity,44631,44631,D,Q,USD,44631,2.53,152340.297,107059.9878,44561,50058.7,1.301,1535.833
AWK,AWK US Equity,44631,44631,D,Q,USD,44631,1.689,38455.737,27636.7366,44561,10941,0.748,434.5
AMP,AMP US Equity,44631,44631,D,Q,USD,44631,1.776,#N/A N/A,30109.8594,44561,-3875,5.848,#N/A N/A
ABC,ABC US Equity,44631,44631,D,Q,USD,44631,1.28,32713.149,30232.9067,44561,3512.219,2.878,935.333
AME,AME US Equity,44631,44631,D,Q,USD,44631,0.671,31314.091,29273.0908,44561,2373.923,1.257,407.125
AMGN,AMGN US Equity,44631,44631,D,Q,USD,44631,3.29,156887.171,127476.1713,44561,25942,4.122,3563.667
APH,APH US Equity,44631,44631,D,Q,USD,44631,1.143,#N/A N/A,44087.9567,44561,3809.5,0.586,604.5
ADI,ADI US Equity,44631,44631,D,Q,USD,44631,2.033,81747.146,77241.3132,44561,4463.176,1.848,1245
ANSS,ANSS US Equity,44631,44631,D,Q,USD,44631,#N/A N/A,25668.287,25612.47,44561,212.726,1.203,153.5
ANTM,ANTM US Equity,44631,44631,D,Q,USD,44631,1.011,130780.671,112269.2707,44561,-9000,7.99,2757
AON,AON US Equity,44631,44631,D,Q,USD,44631,0.706,72047.217,63184.2174,44561,9587,4.779,1453.222
APA,APA US Equity,44631,44631,D,Q,USD,44631,1.332,21292.785,13541.6176,44561,7461,1.367,1259.4
AAPL,AAPL US Equity,44631,44631,D,Q,USD,44631,0.616,2442116.606,2525107.106,44561,-79798,1.325,28167.833
AMAT,AMAT US Equity,44631,44631,D,Q,USD,44631,0.807,106683.913,109222.9132,44561,20,1.965,2132.75
APTV,APTV US Equity,44631,44631,D,Q,USD,44631,0.226,29947.362,28715.076,44561,1324,0.851,581.889
ANET,ANET US Equity,44631,44631,D,Q,USD,44631,#N/A N/A,33430.29,36904.2904,44561,-3331.49,0.77,316.1
AIZ,AIZ US Equity,44631,44631,D,Q,USD,44631,1.621,#N/A N/A,9374.7188,44561,179.1,2.877,#N/A N/A
T,T US Equity,44631,44631,D,Q,USD,44631,7.775,341692.298,165643.6827,44561,182493,0.793,12904.455
ATO,ATO US Equity,44631,44631,D,Q,USD,44631,2.44,23088.067,15404.0672,44561,7745.422,2.327,573
ADSK,ADSK US Equity,44631,44631,D,Q,USD,44631,#N/A N/A,43018.088,42303.0878,44561,1250.5,1.472,412.333
AZO,AZO US Equity,44631,44631,D,Q,USD,44631,#N/A N/A,43519.888,38474.6884,44561,6643.196,24.497,807.75
AVB,AVB US Equity,44631,44631,D,Q,USD,44631,2.755,41447.078,33697.1194,44561,7849.793,0.974,369.417
AVY,AVY US Equity,44631,44631,D,Q,USD,44631,1.729,16316.192,13372.859,44561,3124.6,2.421,365.375
BKR,BKR US Equity,44631,44631,D,Q,USD,44631,1.913,43585.277,38674.0043,44561,3694,0.219,664.8
BLL,BLL US Equity,44631,44631,D,Q,USD,44631,0.998,35511.093,27507.293,44561,7596,0.861,546.929
BAC,BAC US Equity,44631,44631,D,Q,USD,44631,2.222,#N/A N/A,325255.5961,44561,1662,0.769,#N/A N/A
BBWI,BBWI US Equity,44631,44631,D,Q,USD,44631,1.709,15937.01,12064.0104,44561,4033.594,0.61,338.333
BAX,BAX US Equity,44631,44631,D,Q,USD,44631,1.496,40947.765,38601.265,44561,15359,0.883,746
BDX,BDX US Equity,44631,44631,D,Q,USD,44631,1.497,86387.087,72477.0868,44561,15513,2.924,1310.6
WRB,WRB US Equity,44631,44631,D,Q,USD,44631,1.429,#N/A N/A,16689.0623,44561,1961.759,1.319,#N/A N/A
BRK/B,BRK/B US Equity,44631,44631,D,Q,USD,44631,#N/A N/A,#N/A N/A,723101.3891,44561,-411994,3.065,#N/A N/A
BBY,BBY US Equity,44631,44631,D,Q,USD,44631,3.611,#N/A N/A,22754.6553,44561,1002,1.745,780.3
BIO,BIO US Equity,44631,44631,D,Q,USD,44631,#N/A N/A,#N/A N/A,16011.8339,44561,-635.542,3.145,142
TECH,TECH US Equity,44631,44631,D,Q,USD,44631,0.321,#N/A N/A,15748.3037,44561,72.665,1.966,106.467
BIIB,BIIB US Equity,44631,44631,D,Q,USD,44631,#N/A N/A,31272.135,29050.1353,44561,2998.1,4.851,783
BLK,BLK US Equity,44631,44631,D,Q,USD,44631,2.865,#N/A N/A,105123.3357,44561,-5,9.355,2095.333
BK,BK US Equity,44631,44631,D,Q,USD,44631,2.86,#N/A N/A,40355.3117,44561,-87370,0.989,#N/A N/A
BA,BA US Equity,44631,44631,D,Q,USD,44631,#N/A N/A,147769.049,102742.0486,44561,43397,0.609,1787.571
BKNG,BKNG US Equity,44631,44631,D,Q,USD,44631,#N/A N/A,84034.517,82486.85,44561,-2907,7.391,507
BWA,BWA US Equity,44631,44631,D,Q,USD,44631,1.908,11626.264,8715.7638,44561,2579,0.933,568.333
BXP,BXP US Equity,44631,44631,D,Q,USD,44631,3.224,34079.896,19340.1196,44561,12892.899,#N/A N/A,427.857
BSX,BSX US Equity,44631,44631,D,Q,USD,44631,#N/A N/A,65485.42,59494.4205,44561,7600,0.413,856.125
BMY,BMY US Equity,44631,44631,D,Q,USD,44631,3.16,184994.822,150116.8219,44561,28630,1.986,6261
AVGO,AVGO US Equity,44631,44631,D,Q,USD,44631,2.912,268703.024,235925.2741,44561,29286,7.914,4545.4
BR,BR US Equity,44631,44631,D,Q,USD,44631,1.837,20758.647,16885.3141,44561,4164.7,2.087,398.6
BRO,BRO US Equity,44631,44631,D,Q,USD,44631,0.659,#N/A N/A,17697.7412,44561,1346.454,0.738,313.375
BF/B,BF/B US Equity,44631,44631,D,Q,USD,44631,1.231,30727.503,29205.1032,44561,1515,0.298,221.714
CHRW,CHRW US Equity,44631,44631,D,Q,USD,44631,2.121,14781.165,13168.3647,44561,1968.916,1.489,288.091
CDNS,CDNS US Equity,44631,44631,D,Q,USD,44631,#N/A N/A,39415.56,40188.7598,44561,-608.96,0.831,332
CZR,CZR US Equity,44631,44631,D,Q,USD,44631,#N/A N/A,29828.825,16018.5754,44561,13497,-0.315,720
CPB,CPB US Equity,44631,44631,D,Q,USD,44631,3.619,17438.087,12722.8371,44561,4903,0.62,375.5
COF,COF US Equity,44631,44631,D,Q,USD,44631,1.888,#N/A N/A,53813.1722,44561,21340,5.193,#N/A N/A
CAH,CAH US Equity,44631,44631,D,Q,USD,44631,3.875,16341.45,14565.1174,44561,2482,1.694,748.833
KMX,KMX US Equity,44631,44631,D,Q,USD,44631,#N/A N/A,#N/A N/A,16040.2595,44561,18665.184,1.439,403
CCL,CCL US Equity,44631,44631,D,Q,USD,44631,#N/A N/A,47448.877,19371.6273,44561,25468,-1.031,-275.4
CARR,CARR US Equity,44631,44631,D,Q,USD,44631,1.319,42030.945,36866.9449,44561,7366,0.461,689.5
CTLT,CTLT US Equity,44631,44631,D,Q,USD,44631,#N/A N/A,20419.127,17217.7943,44561,3333,0.951,325
CAT,CAT US Equity,44631,44631,D,Q,USD,44631,2.223,116944.83,115124.83,44561,1372,2.801,2566.75
CBOE,CBOE US Equity,44631,44631,D,Q,USD,44631,1.73,13029.648,12152.6482,44561,1049.5,1.478,243.75
CBRE,CBRE US Equity,44631,44631,D,Q,USD,44631,#N/A N/A,#N/A N/A,29101.4882,44561,1877.636,1.028,598.5
CDW,CDW US Equity,44631,44631,D,Q,USD,44631,1.144,29353.036,22940.5358,44561,6816.3,1.917,410.2
CE,CE US Equity,44631,44631,D,Q,USD,44631,2.01,18570.319,14909.1191,44561,3658,4.119,651.455
CNC,CNC US Equity,44631,44631,D,Q,USD,44631,#N/A N/A,53886.607,48617.6067,44561,8004,1.704,1623.8
CNP,CNP US Equity,44631,44631,D,Q,USD,44631,2.348,35616.73,17891.2301,44561,15350,0.484,813.25
CDAY,CDAY US Equity,44631,44631,D,Q,USD,44631,#N/A N/A,10105.209,9332.809,44561,810.7,0.103,49.036
CERN,CERN US Equity,44631,44631,D,Q,USD,44631,1.077,28541.338,27398.338,44561,1088.641,0.872,497.571
CF,CF US Equity,44631,44631,D,Q,USD,44631,1.261,24039.634,19911.6339,44561,2088,3.546,1236.667
CRL,CRL US Equity,44631,44631,D,Q,USD,44631,11.559,15583.988,13103.1486,44561,2710.321,2.724,240.143
SCHW,SCHW US Equity,44631,44631,D,Q,USD,44631,0.977,135607.697,151967.6971,44561,-38465,0.841,2098.667
CHTR,CHTR US Equity,44631,44631,D,Q,USD,44631,#N/A N/A,206944.084,110383.4476,44561,92320,6.989,5336.636
CVX,CVX US Equity,44631,44631,D,Q,USD,44631,3.324,355973.492,332836.8668,44561,29197,2.371,10893.545
CMG,CMG US Equity,44631,44631,D,Q,USD,44631,#N/A N/A,42179.949,41358.6164,44561,2443.995,6.811,326.556
CB,CB US Equity,44631,44631,D,Q,USD,44631,1.631,71550.949,86059.9487,44561,15301,3.584,#N/A N/A
CHD,CHD US Equity,44631,44631,D,Q,USD,44631,1.097,25518.253,23092.1104,44561,2493.3,0.865,342.5
CI,CI US Equity,44631,44631,D,Q,USD,44631,1.869,102341.703,72811.4532,44561,28264,5.272,2748.2
CINF,CINF US Equity,44631,44631,D,Q,USD,44631,2.146,#N/A N/A,19523.1853,44561,-242,1.342,#N/A N/A
CTAS,CTAS US Equity,44631,44631,D,Q,USD,44631,1.021,40698.773,38308.4403,44561,2508.752,2.432,459.571
CSCO,CSCO US Equity,44631,44631,D,Q,USD,44631,2.774,214974.448,227191.4479,44561,-8503,0.869,4964
C,C US Equity,44631,44631,D,Q,USD,44631,3.746,#N/A N/A,107285.2522,44561,54870,2.177,#N/A N/A
CFG,CFG US Equity,44631,44631,D,Q,USD,44631,3.449,#N/A N/A,19790.0528,44561,-1668,0.962,#N/A N/A
CTXS,CTXS US Equity,44631,44631,D,Q,USD,44631,#N/A N/A,#N/A N/A,12682.9508,44561,3022.168,1.19,205
CLX,CLX US Equity,44631,44631,D,Q,USD,44631,3.662,18976.1,16017.2107,44561,3036,1.557,332
CME,CME US Equity,44631,44631,D,Q,USD,44631,3.23,82644.509,81209.5095,44561,1075.7,1.816,848
CMS,CMS US Equity,44631,44631,D,Q,USD,44631,2.808,#N/A N/A,19112.5871,44561,12024,1.069,810.333
KO,KO US Equity,44631,44631,D,Q,USD,44631,2.996,284593.049,251082.9058,44561,31607,0.593,3426.5
CTSH,CTSH US Equity,44631,44631,D,Q,USD,44631,1.168,44496.046,46180.0463,44561,-1064,1.059,889.7
CL,CL US Equity,44631,44631,D,Q,USD,44631,2.642,68494.075,62002.7424,44561,6967,0.822,1143.4
CMCSA,CMCSA US Equity,44631,44631,D,Q,USD,44631,2.403,293442.644,204086.0292,44561,98548,0.901,9427.417
CMA,CMA US Equity,44631,44631,D,Q,USD,44631,3.122,#N/A N/A,11540.1725,44561,-20080,1.408,#N/A N/A
CAG,CAG US Equity,44631,44631,D,Q,USD,44631,4.203,23499.302,14438.9017,44561,9315.5,0.641,565.143
COP,COP US Equity,44631,44631,D,Q,USD,44631,2.007,139438.244,127886.4438,44561,15127,2.09,6599.5
ED,ED US Equity,44631,44631,D,Q,USD,44631,3.582,55776.437,31634.4365,44561,24218,1.496,1405.5
STZ,STZ US Equity,44631,44631,D,Q,USD,44631,1.528,50873.845,40413.7455,44561,9971.2,2.349,725.167
COO,COO US Equity,44631,44631,D,Q,USD,44631,#N/A N/A,#N/A N/A,18732.6169,44561,3255.5,3.451,280.25
CPRT,CPRT US Equity,44631,44631,D,Q,USD,44631,#N/A N/A,#N/A N/A,27435.6884,44561,-821.103,1.11,390
GLW,GLW US Equity,44631,44631,D,Q,USD,44631,2.887,36009.756,30822.7557,44561,5696,0.482,965.4
CTVA,CTVA US Equity,44631,44631,D,Q,USD,44631,1.07,38623.174,38978.1736,44561,-2969,0.916,997
COST,COST US Equity,44631,44631,D,Q,USD,44631,0.627,228756.355,233765.355,44561,-3361,2.903,2168.875
CTRA,CTRA US Equity,44631,44631,D,Q,USD,44631,2.236,22655.473,20856.6162,44561,2456,1.113,1306.75
CCI,CCI US Equity,44631,44631,D,Q,USD,44631,3.439,95318.915,75045.4154,44561,26717,0.81,987.636
CSX,CSX US Equity,44631,44631,D,Q,USD,44631,1.329,90158.48,76088.6798,44561,14592,0.404,1701.5
CMI,CMI US Equity,44631,44631,D,Q,USD,44631,2.959,29598.85,27814.5171,44561,1426,4.093,960.444
CVS,CVS US Equity,44631,44631,D,Q,USD,44631,2.18,183618.054,135805.4538,44561,63474,2.116,4880.125
DHI,DHI US Equity,44631,44631,D,Q,USD,44631,1.114,31488.537,28688.837,44561,2852.5,3.375,1614.667
DHR,DHR US Equity,44631,44631,D,Q,USD,44631,0.355,208847.361,187794.3609,44561,20686,2.467,2458
DRI,DRI US Equity,44631,44631,D,Q,USD,44631,3.527,16516.84,16476.3543,44561,5094,2.166,438.619
DVA,DVA US Equity,44631,44631,D,Q,USD,44631,#N/A N/A,20753.583,10590.111,44561,11491.04,2.036,587.25
DE,DE US Equity,44631,44631,D,Q,USD,44631,1.047,122810.11,119486.3597,44561,6686,6.912,2907.143
DAL,DAL US Equity,44631,44631,D,Q,USD,44631,#N/A N/A,45487.047,20522.5474,44561,23360,-0.608,231.42
XRAY,XRAY US Equity,44631,44631,D,Q,USD,44631,0.984,12152.623,10610.1234,44561,1756,0.725,266
DVN,DVN US Equity,44631,44631,D,Q,USD,44631,0.965,42515.577,38948.688,44561,4489,1.455,1904.2
DXCM,DXCM US Equity,44631,44631,D,Q,USD,44631,#N/A N/A,38492.834,37880.8343,44561,-849.1,0.539,130.583
FANG,FANG US Equity,44631,44631,D,Q,USD,44631,1.852,29427.499,23005.399,44561,6033,4.41,1384.647
DLR,DLR US Equity,44631,44631,D,Q,USD,44631,3.544,54322.138,39401.5906,44561,14817.699,0.423,607.375
DFS,DFS US Equity,44631,44631,D,Q,USD,44631,1.985,#N/A N/A,29763.8882,44561,11477,3.438,#N/A N/A
DISCA,DISCA US Equity,44631,44631,D,Q,USD,44631,#N/A N/A,28588.12,16039.7445,44561,11738,0.576,842
DISCK,DISCK US Equity,44631,44631,D,Q,USD,44631,#N/A N/A,28588.12,16039.7445,44561,11738,0.576,842
DISH,DISH US Equity,44631,44631,D,Q,USD,44631,#N/A N/A,36343.484,15896.6424,44561,17391.512,0.782,916.667
DIS,DIS US Equity,44631,44631,D,Q,USD,44631,1.236,291153.674,239868.4515,44561,39688,1.202,4223.571
DG,DG US Equity,44631,44631,D,Q,USD,44631,0.912,51216.022,47627.2719,44561,#N/A N/A,2.553,942.467
DLTR,DLTR US Equity,44631,44631,D,Q,USD,44631,#N/A N/A,34610.54,33073.0398,44561,8985.4,1.598,635.9
D,D US Equity,44631,44631,D,Q,USD,44631,3.292,111021.035,66686.0351,44561,40806,1.199,1705
DPZ,DPZ US Equity,44631,44631,D,Q,USD,44631,1.147,18849.55,13923.3004,44561,5128.259,3.389,215.688
DOV,DOV US Equity,44631,44631,D,Q,USD,44631,1.388,24095.112,21698.9455,44561,2925.688,1.906,415.455
DOW,DOW US Equity,44631,44631,D,Q,USD,44631,4.697,56945.936,44774.0793,44561,13147,1.703,2559.833
DTE,DTE US Equity,44631,44631,D,Q,USD,44631,2.794,44132.516,24599.9158,44561,18216,1.997,1144.25
DUK,DUK US Equity,44631,44631,D,Q,USD,44631,3.835,152881.91,81621.66,44561,68208,1.32,2914.333
DRE,DRE US Equity,44631,44631,D,Q,USD,44631,2.101,24666.042,20527.8324,44561,3619.53,0.19,189.2
DD,DD US Equity,44631,44631,D,Q,USD,44631,1.991,46856.864,37180.6635,44561,9193,1.176,1105.5
DXC,DXC US Equity,44631,44631,D,Q,USD,44631,2.618,9808.244,7471.2437,44561,3214,1.011,725.5
EMN,EMN US Equity,44631,44631,D,Q,USD,44631,2.861,17961.794,13595.7937,44561,4907,2.272,541.083
ETN,ETN US Equity,44631,44631,D,Q,USD,44631,2.165,66760.811,58704.8106,44561,8468,1.638,938.625
EBAY,EBAY US Equity,44631,44631,D,Q,USD,44631,1.694,#N/A N/A,29411.6975,44561,915,1.114,980.5
ECL,ECL US Equity,44631,44631,D,Q,USD,44631,1.294,53946.256,45550.4807,44561,8796,1.284,685.385
EIX,EIX US Equity,44631,44631,D,Q,USD,44631,4.309,56121.355,24665.3551,44561,29143,0.722,1155.333
EW,EW US Equity,44631,44631,D,Q,USD,44631,#N/A N/A,63335.809,64470.8094,44561,-776.5,0.598,467.909
EA,EA US Equity,44631,44631,D,Q,USD,44631,0.584,33411.92,34401.92,44561,-773,1.501,601.214
EMR,EMR US Equity,44631,44631,D,Q,USD,44631,2.274,59184.333,55242,44561,4033,1.17,1131.231
ENPH,ENPH US Equity,44631,44631,D,Q,USD,44631,#N/A N/A,22876.979,22912.3586,44561,36.745,0.618,103.48
ETR,ETR US Equity,44631,44631,D,Q,USD,44631,3.73,#N/A N/A,22079.2582,44561,26851.319,1.44,1023.75
EOG,EOG US Equity,44631,44631,D,Q,USD,44631,3.421,67505.671,68303.2416,44561,698,2.577,3064.467
EPAM,EPAM US Equity,44631,44631,D,Q,USD,44631,#N/A N/A,#N/A N/A,11383.6708,44561,-1207.467,2.518,212.167
EFX,EFX US Equity,44631,44631,D,Q,USD,44631,0.697,33012.543,27334.7426,44561,5070.2,2.124,469.091
EQIX,EQIX US Equity,44631,44631,D,Q,USD,44631,1.793,75406.168,62919.5766,44561,13456.168,1.841,821.313
EQR,EQR US Equity,44631,44631,D,Q,USD,44631,2.859,41879.634,32629.6166,44561,8529.956,0.224,377.667
ESS,ESS US Equity,44631,44631,D,Q,USD,44631,2.611,28391.515,21934.9441,44561,6328.583,1.21,261.667
EL,EL US Equity,44631,44631,D,Q,USD,44631,0.937,97700.955,94770.4546,44561,3353,1.923,1119.25
ETSY,ETSY US Equity,44631,44631,D,Q,USD,44631,#N/A N/A,16706.204,15400.204,44561,1451.271,0.981,187.267
RE,RE US Equity,44631,44631,D,Q,USD,44631,2.377,#N/A N/A,10658.7766,44561,1805.442,9.391,#N/A N/A
EVRG,EVRG US Equity,44631,44631,D,Q,USD,44631,3.574,#N/A N/A,14607.0118,44561,11223.3,0.503,285
ES,ES US Equity,44631,44631,D,Q,USD,44631,3.055,48507.078,28867.5084,44561,19761.851,1.189,991.75
EXC,EXC US Equity,44631,44631,D,Q,USD,44631,3.245,78338.876,42763.3759,44561,41934,0.849,2120.667
EXPE,EXPE US Equity,44631,44631,D,Q,USD,44631,0.098,32911.314,27928.3138,44561,4576,-0.355,231.071
EXPD,EXPD US Equity,44631,44631,D,Q,USD,44631,#N/A N/A,14846.993,16647.4276,44561,-1261.032,1.684,380.25
EXR,EXR US Equity,44631,44631,D,Q,USD,44631,2.886,32998.796,26362.3156,44561,6119.977,1.378,300
XOM,XOM US Equity,44631,44631,D,Q,USD,44631,4.202,403563.544,359516.6691,44561,46096,1.577,15807.375
FFIV,FFIV US Equity,44631,44631,D,Q,USD,44631,#N/A N/A,11365.322,11809.3224,44561,-237.231,2.806,249.857
FDS,FDS US Equity,44631,44631,D,Q,USD,44631,0.844,16221.753,15413.3035,44561,146.679,2.988,153.125
FAST,FAST US Equity,44631,44631,D,Q,USD,44631,2.298,31139.08,31062.6297,44561,400.6,0.42,369.4
FRT,FRT US Equity,44631,44631,D,Q,USD,44631,3.623,13528.127,9311.3756,44561,4030.108,0.524,146.6
FDX,FDX US Equity,44631,44631,D,Q,USD,44631,1.407,70318.735,56486.1643,44561,29996,4.754,2636.6
FITB,FITB US Equity,44631,44631,D,Q,USD,44631,2.836,#N/A N/A,30081.5275,44561,-23964,0.756,#N/A N/A
FRC,FRC US Equity,44631,44631,D,Q,USD,44631,0.577,#N/A N/A,28719.3575,44561,-6065,1.867,#N/A N/A
FE,FE US Equity,44631,44631,D,Q,USD,44631,3.566,47644.443,25078.0428,44561,22653,0.612,841
FIS,FIS US Equity,44631,44631,D,Q,USD,44631,2.061,71903.209,54460.8338,44561,18867,1.592,1501.722
FISV,FISV US Equity,44631,44631,D,Q,USD,44631,#N/A N/A,81703.895,61404.3386,44561,21139,1.397,1586.643
FLT,FLT US Equity,44631,44631,D,Q,USD,44631,#N/A N/A,21883.589,17878.089,44561,4557.841,3.498,405.167
FMC,FMC US Equity,44631,44631,D,Q,USD,44631,1.626,18181.242,15518.8422,44561,2819.2,1.738,332.857
F,F US Equity,44631,44631,D,Q,USD,44631,2.594,49605.131,64228.1307,44561,-16082,0.487,2710
FTNT,FTNT US Equity,44631,44631,D,Q,USD,44631,#N/A N/A,42762.315,44888.4154,44561,-1496.5,0.941,228.889
FTV,FTV US Equity,44631,44631,D,Q,USD,44631,0.512,23152.027,20193.8941,44561,3324.2,0.708,334.429
FBHS,FBHS US Equity,44631,44631,D,Q,USD,44631,1.335,13650.041,11254.5406,44561,2439.8,1.384,320.714
FOXA,FOXA US Equity,44631,44631,D,Q,USD,44631,2.126,23768.606,21360.6064,44561,4210,0.918,887.833
FOX,FOX US Equity,44631,44631,D,Q,USD,44631,2.311,23581.606,21360.6064,44561,4210,0.918,887.833
BEN,BEN US Equity,44631,44631,D,Q,USD,44631,4.31,#N/A N/A,13687.9108,44561,3884.8,0.845,596.5
FCX,FCX US Equity,44631,44631,D,Q,USD,44631,1.176,78501.542,68272.8749,44561,1701,0.844,2954.636
AJG,AJG US Equity,44631,44631,D,Q,USD,44631,1.328,#N/A N/A,32036.222,44561,6044.6,2.401,903.25
GRMN,GRMN US Equity,44631,44631,D,Q,USD,44631,2.577,19395.021,21168.0214,44561,-3044.692,1.07,281
IT,IT US Equity,44631,44631,D,Q,USD,44631,#N/A N/A,25018.151,23026.4837,44561,2493.791,1.614,255.6
GE,GE US Equity,44631,44631,D,Q,USD,44631,0.255,122370.756,101445.4233,44561,-19321,0.558,1514.5
GNRC,GNRC US Equity,44631,44631,D,Q,USD,44631,#N/A N/A,18771.79,17964.0275,44561,936.636,2.509,237.867
GD,GD US Equity,44631,44631,D,Q,USD,44631,2.186,74850.794,64559.2234,44561,11572,2.744,1198.333
GIS,GIS US Equity,44631,44631,D,Q,USD,44631,3.379,49997.731,37561.6812,44561,11651.3,0.828,842.545
GPC,GPC US Equity,44631,44631,D,Q,USD,44631,2.902,20464.025,17273.4766,44561,2764.412,1.611,408
GILD,GILD US Equity,44631,44631,D,Q,USD,44631,4.89,#N/A N/A,72725.43,44561,19456,1.741,3834
GL,GL US Equity,44631,44631,D,Q,USD,44631,0.866,11646.924,9620.9241,44561,1933.975,1.921,#N/A N/A
GPN,GPN US Equity,44631,44631,D,Q,USD,44631,0.721,46071.333,35807.1171,44561,10652.488,2.184,946.438
GM,GM US Equity,44631,44631,D,Q,USD,44631,1.513,54504.916,60314.9157,44561,-4781,1.5,3515
GS,GS US Equity,44631,44631,D,Q,USD,44631,2.594,#N/A N/A,115275.4745,44561,18228,10.679,#N/A N/A
GWW,GWW US Equity,44631,44631,D,Q,USD,44631,1.443,26580.716,24136.2159,44561,2521,5.592,507.875
HAL,HAL US Equity,44631,44631,D,Q,USD,44631,1.272,39644.76,33615.5605,44561,7286,0.341,762.238
HIG,HIG US Equity,44631,44631,D,Q,USD,44631,2.333,#N/A N/A,22203.7557,44561,4791,1.619,#N/A N/A
HAS,HAS US Equity,44631,44631,D,Q,USD,44631,3.242,14784.951,12015.8511,44561,3182.2,0.818,236.875
HCA,HCA US Equity,44631,44631,D,Q,USD,44631,0.834,117415.45,81061.2,44561,35418,4.491,3121.875
PEAK,PEAK US Equity,44631,44631,D,Q,USD,44631,3.733,#N/A N/A,17478.8468,44561,6216.249,0.097,276.429
HSIC,HSIC US Equity,44631,44631,D,Q,USD,44631,#N/A N/A,13374.713,11545.8346,44561,1098.716,1.091,269.75
HSY,HSY US Equity,44631,44631,D,Q,USD,44631,1.779,46154.455,42010.9549,44561,5046.819,2.018,646.167
HES,HES US Equity,44631,44631,D,Q,USD,44631,1.387,35954.595,29305.0239,44561,6428,1.002,1005.5
HPE,HPE US Equity,44631,44631,D,Q,USD,44631,2.931,31549.646,21517.2465,44561,10211,0.446,1310.25
HLT,HLT US Equity,44631,44631,D,Q,USD,44631,0.317,46889.548,39573.5477,44561,8349,0.864,523.4
HOLX,HOLX US Equity,44631,44631,D,Q,USD,44631,#N/A N/A,18418.23,17358.897,44561,1672.1,0.893,339
HD,HD US Equity,44631,44631,D,Q,USD,44631,2.316,363767.529,330804.5289,44561,43926,3.678,6062.6
HON,HON US Equity,44631,44631,D,Q,USD,44631,2.213,134200.78,124983.6128,44561,9108,2.016,2191.143
HRL,HRL US Equity,44631,44631,D,Q,USD,44631,2.102,#N/A N/A,27511.4794,44561,2471.351,0.495,407
HST,HST US Equity,44631,44631,D,Q,USD,44631,1.26,16817.985,12868.9847,44561,4648,-0.014,226.7
HWM,HWM US Equity,44631,44631,D,Q,USD,44631,0.208,17770.407,14129.6615,44561,3626,0.296,308.833
HPQ,HPQ US Equity,44631,44631,D,Q,USD,44631,2.869,42096.645,38226.6449,44561,4932,1.021,1594.8
HUM,HUM US Equity,44631,44631,D,Q,USD,44631,0.671,63955.347,54007.8473,44561,-3766,7.524,1425.556
HII,HII US Equity,44631,44631,D,Q,USD,44631,2.364,10954.788,8240.5378,44561,2917,3.35,222
HBAN,HBAN US Equity,44631,44631,D,Q,USD,44631,4.395,#N/A N/A,21267.8481,44561,1969,0.321,#N/A N/A
IEX,IEX US Equity,44631,44631,D,Q,USD,44631,1.177,14709.682,14435.3492,44561,445.9,1.669,194.286
IDXX,IDXX US Equity,44631,44631,D,Q,USD,44631,#N/A N/A,42398.784,41962.7843,44561,785.844,2.285,286
ITW,ITW US Equity,44631,44631,D,Q,USD,44631,2.435,69827.857,63793.2858,44561,6354,2.189,1063.6
ILMN,ILMN US Equity,44631,44631,D,Q,USD,44631,#N/A N/A,47806.24,47707.59,44561,1201,0.891,206.75
INCY,INCY US Equity,44631,44631,D,Q,USD,44631,#N/A N/A,#N/A N/A,16364.7845,44561,-2287.763,0.64,180
IR,IR US Equity,44631,44631,D,Q,USD,44631,0.193,20762.56,19415.1928,44561,1426.9,0.463,281.857
INTC,INTC US Equity,44631,44631,D,Q,USD,44631,3.149,191704.093,186619.76,44561,3865,0.849,6995
ICE,ICE US Equity,44631,44631,D,Q,USD,44631,1.175,84219.658,70995.6579,44561,13635,1.362,1183.625
IBM,IBM US Equity,44631,44631,D,Q,USD,44631,5.361,152537.466,111478.4659,44561,47890,1.97,3889
IP,IP US Equity,44631,44631,D,Q,USD,44631,4.516,20403.393,15969.1429,44561,4407,1.059,776.556
IPG,IPG US Equity,44631,44631,D,Q,USD,44631,3.495,13398.789,12996.7391,44561,1528.6,0.432,328.25
IFF,IFF US Equity,44631,44631,D,Q,USD,44631,2.698,41262.117,30088.4503,44561,11483,1.569,696
INTU,INTU US Equity,44631,44631,D,Q,USD,44631,0.638,#N/A N/A,124245.1765,44561,5823,6.999,2755.4
ISRG,ISRG US Equity,44631,44631,D,Q,USD,44631,#N/A N/A,96168.435,98308.0349,44561,-4117,1.261,639.167
IVZ,IVZ US Equity,44631,44631,D,Q,USD,44631,3.578,#N/A N/A,9233.4427,44561,7814.6,0.723,614.333
IPGP,IPGP US Equity,44631,44631,D,Q,USD,44631,#N/A N/A,4362.323,5865.6836,44561,-1456.373,1.337,121
IQV,IQV US Equity,44631,44631,D,Q,USD,44631,2.068,51556.213,40780.7125,44561,11101,2.424,799.8
IRM,IRM US Equity,44631,44631,D,Q,USD,44631,4.924,24241.143,14645.1159,44561,11447.182,0.364,405.333
JBHT,JBHT US Equity,44631,44631,D,Q,USD,44631,0.74,21906.998,20796.9979,44561,1127.98,1.783,406.5
JKHY,JKHY US Equity,44631,44631,D,Q,USD,44631,1.022,13354.568,13357.5676,44561,267.791,1.099,147.75
J,J US Equity,44631,44631,D,Q,USD,44631,0.719,18534.626,16155.9634,44561,2750.68,1.786,356.167
JNJ,JNJ US Equity,44631,44631,D,Q,USD,44631,2.561,446996.563,445266.5626,44561,3143,2.595,9031.667
JCI,JCI US Equity,44631,44631,D,Q,USD,44631,2.166,51024.372,42494.8722,44561,8178,0.639,864.375
JPM,JPM US Equity,44631,44631,D,Q,USD,44631,3.218,#N/A N/A,380587.5481,44561,-526009,2.941,#N/A N/A
JNPR,JNPR US Equity,44631,44631,D,Q,USD,44631,2.535,10647.017,10696.2169,44561,638.2,0.317,185.75
K,K US Equity,44631,44631,D,Q,USD,44631,3.938,27903.362,20358.362,44561,7443,1.062,579
KEY,KEY US Equity,44631,44631,D,Q,USD,44631,3.591,#N/A N/A,21264.2828,44561,12566,0.48,#N/A N/A
KEYS,KEYS US Equity,44631,44631,D,Q,USD,44631,#N/A N/A,26247.202,26544.7017,44561,-186,1.641,398
KMB,KMB US Equity,44631,44631,D,Q,USD,44631,3.945,48393.526,39599.1926,44561,8827,1.585,920.75
KIM,KIM US Equity,44631,44631,D,Q,USD,44631,3.167,20989.182,14622.4089,44561,7264.818,0.181,287
KMI,KMI US Equity,44631,44631,D,Q,USD,44631,6.188,73630.327,41041.4705,44561,32495,0.258,1809.357
KLAC,KLAC US Equity,44631,44631,D,Q,USD,44631,1.341,49201.478,48721.7489,44561,728.665,5.447,1086.375
KHC,KHC US Equity,44631,44631,D,Q,USD,44631,4.315,65817.767,45718.934,44561,18987,0.589,1364.556
KR,KR US Equity,44631,44631,D,Q,USD,44631,1.592,53214.433,41093.4335,44561,18418,1.159,2191.3
LHX,LHX US Equity,44631,44631,D,Q,USD,44631,1.866,54399.7,48264.9495,44561,6997,3.219,988.333
LH,LH US Equity,44631,44631,D,Q,USD,44631,#N/A N/A,28816.866,24796.766,44561,4869.9,4.568,719.333
LRCX,LRCX US Equity,44631,44631,D,Q,USD,44631,1.294,67325.974,67432.9741,44561,-334.812,8.659,1522.2
LW,LW US Equity,44631,44631,D,Q,USD,44631,#N/A N/A,#N/A N/A,7276.1524,44561,2102.4,0.476,168
LVS,LVS US Equity,44631,44631,D,Q,USD,44631,3.602,37188.707,27824.5068,44561,13119,0.027,342.8
LDOS,LDOS US Equity,44631,44631,D,Q,USD,44631,1.455,18834.941,14327.3411,44561,5078,1.674,376.833
LEN,LEN US Equity,44631,44631,D,Q,USD,44631,1.838,27874.633,24942.2652,44561,3620.133,3.7,1647.75
LLY,LLY US Equity,44631,44631,D,Q,USD,44631,1.412,#N/A N/A,253610.0397,44561,12976.1,2.071,2384
LNC,LNC US Equity,44631,44631,D,Q,USD,44631,3.014,#N/A N/A,10447.3067,44561,4013,2.374,#N/A N/A
LIN,LIN US Equity,44631,44631,D,Q,USD,44631,1.611,155525.127,142408.5267,44561,12217,2.786,2635.5
LYV,LYV US Equity,44631,44631,D,Q,USD,44631,#N/A N/A,#N/A N/A,24383.1329,44561,2575.788,-0.208,165.25
LKQ,LKQ US Equity,44631,44631,D,Q,USD,44631,#N/A N/A,#N/A N/A,12554.8727,44561,3964.85,1.002,462.429
LMT,LMT US Equity,44631,44631,D,Q,USD,44631,2.608,125742.274,117019.1308,44561,9472,6.282,2495.2
L,L US Equity,44631,44631,D,Q,USD,44631,#N/A N/A,#N/A N/A,15110.5647,44561,8821,#N/A N/A,#N/A N/A
LOW,LOW US Equity,44631,44631,D,Q,USD,44631,1.597,173745.7,148880.7,44561,27980,3.115,3438.833
LUMN,LUMN US Equity,44631,44631,D,Q,USD,44631,9.363,39780.782,10929.6154,44561,30184,0.439,1982.4
LYB,LYB US Equity,44631,44631,D,Q,USD,44631,4.441,44515.531,33926.0312,44561,12118,3.721,1967.636
MTB,MTB US Equity,44631,44631,D,Q,USD,44631,2.81,#N/A N/A,22222.3188,44561,-39246.354,2.609,#N/A N/A
MRO,MRO US Equity,44631,44631,D,Q,USD,44631,1.226,19712.829,16931.8288,44561,3527,0.577,1090.222
MPC,MPC US Equity,44631,44631,D,Q,USD,44631,2.983,70572.252,43853.6808,44561,16065,0.294,1862
MKTX,MKTX US Equity,44631,44631,D,Q,USD,44631,0.809,12377.035,12962.0352,44561,-443.225,2.038,110.2
MAR,MAR US Equity,44631,44631,D,Q,USD,44631,0.363,61320.803,52744.928,44561,9993,0.973,674.538
MMC,MMC US Equity,44631,44631,D,Q,USD,44631,1.505,85239.71,75208.7104,44561,11410,2.176,1735.167
MLM,MLM US Equity,44631,44631,D,Q,USD,44631,0.651,#N/A N/A,23140.9067,44561,5480.1,1.197,251.556
MAS,MAS US Equity,44631,44631,D,Q,USD,44631,2.04,15288.238,12891.2378,44561,2243,0.932,399.8
MA,MA US Equity,44631,44631,D,Q,USD,44631,0.558,322588.573,317474.5726,44561,6779,2.271,3038.929
MTCH,MTCH US Equity,44631,44631,D,Q,USD,44631,#N/A N/A,28944.553,25221.3661,44561,3226.297,0.664,293.889
MKC,MKC US Equity,44631,44631,D,Q,USD,44631,1.521,30835.69,25856.19,44561,5071.4,0.669,303.2
MCD,MCD US Equity,44631,44631,D,Q,USD,44631,2.478,200192.315,168697.065,44561,44639.9,2.226,2863.929
MCK,MCK US Equity,44631,44631,D,Q,USD,44631,0.691,45535.131,42127.7978,44561,5259,5.572,1302.75
MDT,MDT US Equity,44631,44631,D,Q,USD,44631,2.583,161052.097,139278.5975,44561,13934,1.571,2722.5
MRK,MRK US Equity,44631,44631,D,Q,USD,44631,5.73,#N/A N/A,197820.432,44561,26535,1.598,7581.5
FB,FB US Equity,44631,44631,D,Q,USD,44631,#N/A N/A,461514.281,510663.5311,44561,-33544,3.427,14961.556
MET,MET US Equity,44631,44631,D,Q,USD,44631,3.098,#N/A N/A,52970.0233,44561,-1851,1.595,#N/A N/A
MTD,MTD US Equity,44631,44631,D,Q,USD,44631,#N/A N/A,31473.179,29903.1785,44561,1702.33,7.248,240.5
MGM,MGM US Equity,44631,44631,D,Q,USD,44631,0.03,30536.368,17615.1997,44561,19989.573,0.075,745.286
MCHP,MCHP US Equity,44631,44631,D,Q,USD,44631,1.612,45647.6,38385.5999,44561,7623,1.198,892.333
MU,MU US Equity,44631,44631,D,Q,USD,44631,0.549,78773.74,81542.1692,44561,-3794,1.958,4097.667
MSFT,MSFT US Equity,44631,44631,D,Q,USD,44631,0.892,2019502.269,2099647.381,44561,-45016,2.174,23347.571
MAA,MAA US Equity,44631,44631,D,Q,USD,44631,2.091,28815.784,24045.1439,44561,4492.639,0.76,268.2
MRNA,MRNA US Equity,44631,44631,D,Q,USD,44631,#N/A N/A,#N/A N/A,55697.3939,44561,-9811,8.92,#N/A N/A
MHK,MHK US Equity,44631,44631,D,Q,USD,44631,#N/A N/A,10518.921,8531.4631,44561,2182.664,3.324,444.333
MOH,MOH US Equity,44631,44631,D,Q,USD,44631,#N/A N/A,#N/A N/A,18285.624,44561,-5099,4.94,425
TAP,TAP US Equity,44631,44631,D,Q,USD,44631,3.05,17879.606,11146.2729,44561,6657.9,0.224,303.222
MDLZ,MDLZ US Equity,44631,44631,D,Q,USD,44631,2.393,99523.621,82077.954,44561,16681,0.795,1613.222
MPWR,MPWR US Equity,44631,44631,D,Q,USD,44631,0.714,18192.472,18405.4717,44561,-719.275,1.831,105
MNST,MNST US Equity,44631,44631,D,Q,USD,44631,#N/A N/A,35937.656,38759.6557,44561,-3053.809,0.646,461.333
MCO,MCO US Equity,44631,44631,D,Q,USD,44631,0.893,62159.644,56387.844,44561,4650,3.362,847.8
MS,MS US Equity,44631,44631,D,Q,USD,44631,3.414,#N/A N/A,151731.0905,44561,69135,1.941,#N/A N/A
MOS,MOS US Equity,44631,44631,D,Q,USD,44631,0.686,25771.681,22805.7103,44561,3636.1,1.907,1223.222
MSI,MSI US Equity,44631,44631,D,Q,USD,44631,1.418,41210.73,37303.7297,44561,4256,1.792,529
MSCI,MSCI US Equity,44631,44631,D,Q,USD,44631,0.949,41270.496,37109.4959,44561,2913.326,2.645,318.75
NDAQ,NDAQ US Equity,44631,44631,D,Q,USD,44631,1.371,32765.625,27106.6252,44561,5652,1.86,491.429
NTAP,NTAP US Equity,44631,44631,D,Q,USD,44631,2.464,16860.316,18715.3159,44561,-1249,1.347,445.667
NFLX,NFLX US Equity,44631,44631,D,Q,USD,44631,#N/A N/A,159870.442,151089.5246,44561,12088.766,3.466,2194.55
NWL,NWL US Equity,44631,44631,D,Q,USD,44631,4.263,13658.457,9182.29,44561,5068,0.308,280.667
NEM,NEM US Equity,44631,44631,D,Q,USD,44631,2.749,61564.879,60939.1293,44561,1228,0.766,1539.833
NWSA,NWSA US Equity,44631,44631,D,Q,USD,44631,#N/A N/A,13757.991,12442.2412,44561,1264,0.193,384.333
NWS,NWS US Equity,44631,44631,D,Q,USD,44631,#N/A N/A,13757.991,12442.2412,44561,1264,0.193,384.333
NEE,NEE US Equity,44631,44631,D,Q,USD,44631,2.134,#N/A N/A,155645.6783,44561,54188,0.683,2896.167
NLSN,NLSN US Equity,44631,44631,D,Q,USD,44631,1.371,11651.08,6294.5795,44561,5426,0.421,389
NKE,NKE US Equity,44631,44631,D,Q,USD,44631,1.007,190320.039,193914.2393,44561,-2380,0.723,1610.273
NI,NI US Equity,44631,44631,D,Q,USD,44631,4.072,25688.519,12076.4194,44561,9741.2,0.805,695
NDSN,NDSN US Equity,44631,44631,D,Q,USD,44631,#N/A N/A,12997.12,12460.1196,44561,773.043,2.3,207.833
NSC,NSC US Equity,44631,44631,D,Q,USD,44631,1.837,77301.769,64102.1019,44561,13414,3.17,1455.182
NTRS,NTRS US Equity,44631,44631,D,Q,USD,44631,2.774,#N/A N/A,21858.4303,44561,-65428.4,1.691,#N/A N/A
NOC,NOC US Equity,44631,44631,D,Q,USD,44631,1.683,77944.274,68107.2738,44561,10837,6.109,1262
NLOK,NLOK US Equity,44631,44631,D,Q,USD,44631,1.883,#N/A N/A,16082.126,44561,2163,0.444,#N/A N/A
NCLH,NCLH US Equity,44631,44631,D,Q,USD,44631,#N/A N/A,18594.171,7294.8381,44561,11405.038,-0.845,19.559
NRG,NRG US Equity,44631,44631,D,Q,USD,44631,3.638,#N/A N/A,9318.0566,44561,8037,0.683,416.25
NUE,NUE US Equity,44631,44631,D,Q,USD,44631,1.581,39660.143,36399.1377,44561,3340.76,6.613,2759.6
NVDA,NVDA US Equity,44631,44631,D,Q,USD,44631,0.165,540756.889,552500,44561,-9521,1.163,3326
NVR,NVR US Equity,44631,44631,D,Q,USD,44631,#N/A N/A,14894.541,16076.5406,44561,-982.647,82.238,351
NXPI,NXPI US Equity,44631,44631,D,Q,USD,44631,1.862,54993.813,46878.8131,44561,7979,2.807,1153.2
ORLY,ORLY US Equity,44631,44631,D,Q,USD,44631,#N/A N/A,48602.196,44962.9458,44561,5504.454,6.781,703.9
OXY,OXY US Equity,44631,44631,D,Q,USD,44631,0.735,88242.408,54129.0082,44561,27709,0.868,3782
ODFL,ODFL US Equity,44631,44631,D,Q,USD,44631,0.465,34695.472,35191.972,44561,-514.25,2.128,404.429
OMC,OMC US Equity,44631,44631,D,Q,USD,44631,3.882,17869.976,15935.6762,44561,1689.1,1.33,505
OKE,OKE US Equity,44631,44631,D,Q,USD,44631,5.822,43069.725,29476.8496,44561,13610.144,0.934,893.462
ORCL,ORCL US Equity,44631,44631,D,Q,USD,44631,1.641,260129.978,207635.9777,44561,55593,1.391,6113.8
OGN,OGN US Equity,44631,44631,D,Q,USD,44631,3.182,#N/A N/A,9084.6975,44561,#N/A N/A,1.553,634
OTIS,OTIS US Equity,44631,44631,D,Q,USD,44631,1.664,35706.675,30767.2746,44561,6225,0.77,602
PCAR,PCAR US Equity,44631,44631,D,Q,USD,44631,3.773,37065.047,29747.0467,44561,-4987.7,1.535,681
PKG,PKG US Equity,44631,44631,D,Q,USD,44631,2.671,15037.355,14006.688,44561,1967.5,2.16,396.429
PARA,PARA US Equity,44631,44631,D,Q,USD,44631,2.943,33299.118,21278.5474,44561,13365,1.109,1325.692
PH,PH US Equity,44631,44631,D,Q,USD,44631,1.554,42324.567,34814.8693,44561,7962.186,4.574,906.75
PAYX,PAYX US Equity,44631,44631,D,Q,USD,44631,2.315,#N/A N/A,43503.6854,44561,-119.1,1.056,568.5
PAYC,PAYC US Equity,44631,44631,D,Q,USD,44631,#N/A N/A,17959.943,18257.9432,44561,-217.911,1.822,161.8
PYPL,PYPL US Equity,44631,44631,D,Q,USD,44631,#N/A N/A,114702.524,112504.5244,44561,-689,1.168,1855.706
PENN,PENN US Equity,44631,44631,D,Q,USD,44631,#N/A N/A,#N/A N/A,7182.3261,44561,9741.2,0.453,443.6
PNR,PNR US Equity,44631,44631,D,Q,USD,44631,1.561,9707.318,8882.318,44561,887.8,0.885,198.667
PBCT,PBCT US Equity,44631,44631,D,Q,USD,44631,3.545,#N/A N/A,8726.6238,44561,-8396.7,0.292,#N/A N/A
PEP,PEP US Equity,44631,44631,D,Q,USD,44631,2.935,247408.413,212677.9837,44561,36390,1.287,3028.6
PKI,PKI US Equity,44631,44631,D,Q,USD,44631,0.169,24950.747,20928.2474,44561,4538.511,1.513,270.75
PFE,PFE US Equity,44631,44631,D,Q,USD,44631,3.183,#N/A N/A,282685.6271,44561,10326,1.7,13152
PM,PM US Equity,44631,44631,D,Q,USD,44631,5.844,#N/A N/A,137733.1981,44561,23846,1.546,3678.5
PSX,PSX US Equity,44631,44631,D,Q,USD,44631,4.561,48857.209,35414.5421,44561,12369,1.202,1351.333
PNW,PNW US Equity,44631,44631,D,Q,USD,44631,4.715,#N/A N/A,8329.8591,44561,8174.61,0.092,183
PXD,PXD US Equity,44631,44631,D,Q,USD,44631,1.225,58611.772,56468.1046,44561,3930,5.23,2474.6
PNC,PNC US Equity,44631,44631,D,Q,USD,44631,2.87,#N/A N/A,76221.5416,44561,-49250,3.376,#N/A N/A
POOL,POOL US Equity,44631,44631,D,Q,USD,44631,0.746,#N/A N/A,17758.3183,44561,1403.458,2.681,154.5
PPG,PPG US Equity,44631,44631,D,Q,USD,44631,2.017,34015.289,28392.0886,44561,6394,1.635,657.818
PPL,PPL US Equity,44631,44631,D,Q,USD,44631,3.529,#N/A N/A,19317.9567,44561,7707,0.42,#N/A N/A
PFG,PFG US Equity,44631,44631,D,Q,USD,44631,4.081,#N/A N/A,16995.4628,44561,2270.7,1.614,#N/A N/A
PG,PG US Equity,44631,44631,D,Q,USD,44631,2.506,367456.583,343307.7504,44561,24109,1.327,4834.4
PGR,PGR US Equity,44631,44631,D,Q,USD,44631,1.86,66911.814,61724.9145,44561,4892.6,1.068,#N/A N/A
PLD,PLD US Equity,44631,44631,D,Q,USD,44631,1.905,130741.091,109356.4726,44561,17607.382,0.578,829.8
PRU,PRU US Equity,44631,44631,D,Q,USD,44631,4.537,#N/A N/A,39906.615,44561,17073,3.017,#N/A N/A
PEG,PEG US Equity,44631,44631,D,Q,USD,44631,3.268,49325.562,32996.5619,44561,18811,1.135,996.667
PTC,PTC US Equity,44631,44631,D,Q,USD,44631,#N/A N/A,13225.011,12156.0105,44561,1349.921,1.144,202.333
PSA,PSA US Equity,44631,44631,D,Q,USD,44631,2.347,75195.169,64178.8078,44561,6740.68,2.216,645.6
PHM,PHM US Equity,44631,44631,D,Q,USD,44631,1.237,12242.585,11534.9179,44561,968.741,1.82,674
PVH,PVH US Equity,44631,44631,D,Q,USD,44631,0.172,5706.778,5074.7781,44561,#N/A N/A,1.986,181.636
QRVO,QRVO US Equity,44631,44631,D,Q,USD,44631,#N/A N/A,14239.402,13405.402,44561,1058.424,2.862,447
PWR,PWR US Equity,44631,44631,D,Q,USD,44631,0.217,21214.857,17596.5695,44561,3773.221,1.102,315.375
QCOM,QCOM US Equity,44631,44631,D,Q,USD,44631,1.895,171988.18,171687.18,44561,4440,2.453,3897.8
DGX,DGX US Equity,44631,44631,D,Q,USD,44631,1.908,19122.465,16286.4648,44561,3785,2.18,478.6
RL,RL US Equity,44631,44631,D,Q,USD,44631,2.679,#N/A N/A,7653.3294,44561,451.7,0.285,101.1
RJF,RJF US Equity,44631,44631,D,Q,USD,44631,1.485,#N/A N/A,19956.7844,44561,-4786,1.653,499
RTX,RTX US Equity,44631,44631,D,Q,USD,44631,2.14,171714.886,144636.7193,44561,25721,1.103,3299.5
O,O US Equity,44631,44631,D,Q,USD,44631,4.513,54414.624,38642.7981,44561,15689.793,0.433,678
REG,REG US Equity,44631,44631,D,Q,USD,44631,3.778,14998.184,11465.6229,44561,3839.705,0.452,224.5
REGN,REGN US Equity,44631,44631,D,Q,USD,44631,#N/A N/A,#N/A N/A,69745.1718,44561,-9833,13.425,1936
RF,RF US Equity,44631,44631,D,Q,USD,44631,3.231,#N/A N/A,20532.8718,44561,-26475,0.484,#N/A N/A
RSG,RSG US Equity,44631,44631,D,Q,USD,44631,1.508,49601.594,40041.2229,44561,9802.6,1.071,868.778
RMD,RMD US Equity,44631,44631,D,Q,USD,44631,0.739,35144.986,34813.9865,44561,642.385,1.533,312.667
RHI,RHI US Equity,44631,44631,D,Q,USD,44631,1.164,11377.742,12043.7424,44561,-353.923,1.344,214
ROK,ROK US Equity,44631,44631,D,Q,USD,44631,1.735,33593.799,29863.5658,44561,3930.8,2.746,448.417
ROL,ROL US Equity,44631,44631,D,Q,USD,44631,1.366,#N/A N/A,15845.1598,44561,297.459,0.15,120
ROP,ROP US Equity,44631,44631,D,Q,USD,44631,0.547,50788.762,45653.1616,44561,7802.6,3.672,572
ROST,ROST US Equity,44631,44631,D,Q,USD,44631,1.412,27274.218,31008.2175,44561,699.774,1.36,751.75
RCL,RCL US Equity,44631,44631,D,Q,USD,44631,#N/A N/A,37568.84,17449.8396,44561,19064.294,-2.347,-41.094
SPGI,SPGI US Equity,44631,44631,D,Q,USD,44631,0.875,138142.362,134543.0285,44561,-1806,3.482,1192.167
CRM,CRM US Equity,44631,44631,D,Q,USD,44631,#N/A N/A,192015,195921,44561,3833,0.999,2195.857
SBAC,SBAC US Equity,44631,44631,D,Q,USD,44631,0.883,47055.003,34629.2534,44561,14155.266,0.941,415.5
SLB,SLB US Equity,44631,44631,D,Q,USD,44631,1.193,71949.984,60618.5287,44561,11870,0.376,1319.833
STX,STX US Equity,44631,44631,D,Q,USD,44631,3.21,23112.642,19116.3919,44561,4326,2.048,638.333
SEE,SEE US Equity,44631,44631,D,Q,USD,44631,1.257,12786.203,9596.2029,44561,3223,0.935,287.833
SRE,SRE US Equity,44631,44631,D,Q,USD,44631,3.049,75760.988,48676.9868,44561,24583,2.591,1366.75
NOW,NOW US Equity,44631,44631,D,Q,USD,44631,#N/A N/A,99653,102430,44561,-1090,1.715,555.5
SHW,SHW US Equity,44631,44631,D,Q,USD,44631,0.958,70294.198,60861.3228,44561,11329.7,1.986,843.846
SBNY,SBNY US Equity,44631,44631,D,Q,USD,44631,0.774,#N/A N/A,18098.179,44561,-26006.538,3.971,#N/A N/A
SPG,SPG US Equity,44631,44631,D,Q,USD,44631,5.253,68417.044,42733.9242,44561,25294.017,1.451,1084.857
SWKS,SWKS US Equity,44631,44631,D,Q,USD,44631,1.804,22016.295,20917.2954,44561,1366.4,2.627,509
SJM,SJM US Equity,44631,44631,D,Q,USD,44631,3.13,18153.279,13973.7795,44561,4246.8,2.199,414.3
SNA,SNA US Equity,44631,44631,D,Q,USD,44631,2.81,11498.753,10987.8532,44561,481,3.664,310
SEDG,SEDG US Equity,44631,44631,D,Q,USD,44631,#N/A N/A,16666.402,16792.635,44561,-464.487,1.352,87.573
SO,SO US Equity,44631,44631,D,Q,USD,44631,3.941,130521.265,72797.932,44561,53672,0.87,1907
LUV,LUV US Equity,44631,44631,D,Q,USD,44631,#N/A N/A,#N/A N/A,23835.8372,44561,-3141,-0.197,462.5
SWK,SWK US Equity,44631,44631,D,Q,USD,44631,2.177,33646.547,23933.247,44561,6623.7,2.331,665.75
SBUX,SBUX US Equity,44631,44631,D,Q,USD,44631,2.436,106924.469,95164.319,44561,19690.1,0.73,1570.263
STT,STT US Equity,44631,44631,D,Q,USD,44631,2.88,#N/A N/A,30050.4679,44561,-97665,1.639,#N/A N/A
STE,STE US Equity,44631,44631,D,Q,USD,44631,0.823,#N/A N/A,21903.8271,44561,3139.968,2.064,347
SYK,SYK US Equity,44631,44631,D,Q,USD,44631,1.089,102384.247,93544.2469,44561,9882,2.268,1187.182
SIVB,SIVB US Equity,44631,44631,D,Q,USD,44631,#N/A N/A,#N/A N/A,31203.7761,44561,-11540,6.314,#N/A N/A
SYF,SYF US Equity,44631,44631,D,Q,USD,44631,2.66,#N/A N/A,18265.3656,44561,6170,1.6,#N/A N/A
SNPS,SNPS US Equity,44631,44631,D,Q,USD,44631,#N/A N/A,43180.622,44963.5622,44561,-691.442,1.793,381.2
SYY,SYY US Equity,44631,44631,D,Q,USD,44631,2.476,49475.852,39489.5616,44561,10468.834,0.793,853.125
TMUS,TMUS US Equity,44631,44631,D,Q,USD,44631,#N/A N/A,227048.05,155624.0496,44561,99941,0.799,7206.556
TROW,TROW US Equity,44631,44631,D,Q,USD,44631,3.83,#N/A N/A,31095.9582,44561,-1273.9,3.212,1003
TTWO,TTWO US Equity,44631,44631,D,Q,USD,44631,#N/A N/A,15029.727,17715.2267,44561,-2221.628,1.162,163.638
TPR,TPR US Equity,44631,44631,D,Q,USD,44631,2.929,9175.047,9068.0468,44561,1668.2,0.582,263.909
TGT,TGT US Equity,44631,44631,D,Q,USD,44631,1.864,105975.919,95706.669,44561,10302,3.025,2609
TEL,TEL US Equity,44631,44631,D,Q,USD,44631,1.65,44411.795,41484.7952,44561,3021,1.699,887.1
TDY,TDY US Equity,44631,44631,D,Q,USD,44631,#N/A N/A,#N/A N/A,19660.3507,44561,3791,3.903,314
TFX,TFX US Equity,44631,44631,D,Q,USD,44631,0.405,17037.504,15758.5035,44561,1543.181,3.093,200.667
TER,TER US Equity,44631,44631,D,Q,USD,44631,0.412,16221.134,17359.1339,44561,-1315.707,1.266,280.5
TSLA,TSLA US Equity,44631,44631,D,Q,USD,44631,#N/A N/A,812332.278,822000.2784,44561,-8834,1.904,3498.111
TXN,TXN US Equity,44631,44631,D,Q,USD,44631,2.774,154007.477,157335.4775,44561,-1533,1.89,2306.5
TXT,TXT US Equity,44631,44631,D,Q,USD,44631,0.116,16462.33,14967.8297,44561,1263,0.811,366.667
TMO,TMO US Equity,44631,44631,D,Q,USD,44631,0.218,236590.979,207257.3117,44561,31862,4.921,2631.167
TJX,TJX US Equity,44631,44631,D,Q,USD,44631,1.906,70143.52,73278.5197,44561,6280.2,0.626,1307.889
TSCO,TSCO US Equity,44631,44631,D,Q,USD,44631,1.514,25634.992,25545.1925,44561,3041.264,1.332,269.857
TT,TT US Equity,44631,44631,D,Q,USD,44631,1.801,37609.874,34757.4741,44561,3126.2,1.148,477
TDG,TDG US Equity,44631,44631,D,Q,USD,44631,#N/A N/A,49514.284,34607.7839,44561,15222,3.759,620.143
TRV,TRV US Equity,44631,44631,D,Q,USD,44631,2.103,#N/A N/A,41955.9222,44561,6860,3.347,#N/A N/A
TRMB,TRMB US Equity,44631,44631,D,Q,USD,44631,#N/A N/A,17132.083,16447.0829,44561,1123.9,0.705,239.125
TFC,TFC US Equity,44631,44631,D,Q,USD,44631,3.451,#N/A N/A,75888.8027,44561,18482,1.116,#N/A N/A
TWTR,TWTR US Equity,44631,44631,D,Q,USD,44631,#N/A N/A,28004.158,26421.1585,44561,-847.108,0.153,304.056
TYL,TYL US Equity,44631,44631,D,Q,USD,44631,#N/A N/A,17385.687,16469.6871,44561,1026.701,1.891,116.4
TSN,TSN US Equity,44631,44631,D,Q,USD,44631,2.214,38031,31766.5004,44561,6408,1.475,1119.222
USB,USB US Equity,44631,44631,D,Q,USD,44631,3.575,#N/A N/A,78187.2818,44561,16186,1.023,#N/A N/A
UDR,UDR US Equity,44631,44631,D,Q,USD,44631,2.668,24841.147,18026.5095,44561,5604.308,0.064,217.143
ULTA,ULTA US Equity,44631,44631,D,Q,USD,44631,#N/A N/A,19418.825,19943.825,44561,1415.196,4.295,385.727
UAA,UAA US Equity,44631,44631,D,Q,USD,44631,#N/A N/A,6368.281,6950.7814,44561,-165.147,0.16,141.978
UA,UA US Equity,44631,44631,D,Q,USD,44631,#N/A N/A,#N/A N/A,6950.7814,44561,-165.147,0.67,644
UNP,UNP US Equity,44631,44631,D,Q,USD,44631,1.836,196099.815,166561.8152,44561,30482,2.504,2878.444
UAL,UAL US Equity,44631,44631,D,Q,USD,44631,#N/A N/A,33746.807,11284.3074,44561,20960,-2.6,-131.25
UNH,UNH US Equity,44631,44631,D,Q,USD,44631,1.267,483661.571,454331.9706,44561,26369,5.589,7776.6
UPS,UPS US Equity,44631,44631,D,Q,USD,44631,2.988,187479.807,177472.8071,44561,14935,2.808,3769.7
URI,URI US Equity,44631,44631,D,Q,USD,44631,#N/A N/A,32344.586,23299.9864,44561,10417,4.561,1053
UHS,UHS US Equity,44631,44631,D,Q,USD,44631,0.536,15707.199,11270.1906,44561,4444.095,2.787,456.333
VLO,VLO US Equity,44631,44631,D,Q,USD,44631,4.276,48174.531,37520.8638,44561,11003,1.071,1375.75
VTR,VTR US Equity,44631,44631,D,Q,USD,44631,3.224,35758.932,23370.5237,44561,12075.053,0.016,417.1
VRSN,VRSN US Equity,44631,44631,D,Q,USD,44631,#N/A N/A,#N/A N/A,22491.7841,44561,584.874,1.49,#N/A N/A
VRSK,VRSK US Equity,44631,44631,D,Q,USD,44631,0.692,29699.447,29359.9468,44561,3329.7,1.403,375
VZ,VZ US Equity,44631,44631,D,Q,USD,44631,4.86,371445.867,222652.567,44561,175009,1.358,12311.571
VRTX,VRTX US Equity,44631,44631,D,Q,USD,44631,#N/A N/A,63954.296,60202.2959,44561,-6557.5,3.272,#N/A N/A
VFC,VFC US Equity,44631,44631,D,Q,USD,44631,3.794,24545.953,20806.2392,44561,5012.478,0.585,381.333
VTRS,VTRS US Equity,44631,44631,D,Q,USD,44631,4.79,31563.954,12119.9543,44561,22635.8,0.92,1600
V,V US Equity,44631,44631,D,Q,USD,44631,0.767,#N/A N/A,425779.9611,44561,628,1.655,4704.556
VNO,VNO US Equity,44631,44631,D,Q,USD,44631,4.812,#N/A N/A,8861.4652,44561,7225.928,0.145,160
VMC,VMC US Equity,44631,44631,D,Q,USD,44631,0.896,#N/A N/A,23281.1417,44561,4432.6,0.801,297.083
WAB,WAB US Equity,44631,44631,D,Q,USD,44631,0.674,#N/A N/A,16498.2318,44561,3903,1.111,350.75
WMT,WMT US Equity,44631,44631,D,Q,USD,44631,1.577,433128.913,394084.9125,44561,42563,1.672,9464.8
WBA,WBA US Equity,44631,44631,D,Q,USD,44631,4.068,56926.625,40953.625,44561,35080,1.382,1750.556
WM,WM US Equity,44631,44631,D,Q,USD,44631,1.717,76195.021,62797.4502,44561,13810,1.169,1221.3
WAT,WAT US Equity,44631,44631,D,Q,USD,44631,#N/A N/A,19605.574,18939.5736,44561,1032.114,2.415,219.333
WEC,WEC US Equity,44631,44631,D,Q,USD,44631,3.068,45899.785,29606.6851,44561,15606.6,1.565,860
WFC,WFC US Equity,44631,44631,D,Q,USD,44631,2.109,#N/A N/A,184891.5697,44561,-100879,0.776,#N/A N/A
WELL,WELL US Equity,44631,44631,D,Q,USD,44631,2.744,56059.748,40796.3761,44561,14407.633,0.197,516.857
WST,WST US Equity,44631,44631,D,Q,USD,44631,0.2,#N/A N/A,26979.8159,44561,-437.3,2.22,239
WDC,WDC US Equity,44631,44631,D,Q,USD,44631,0.945,18232.742,14175.1712,44561,5112,1.966,1018.2
WRK,WRK US Equity,44631,44631,D,Q,USD,44631,2.344,19518.033,11397.1832,44561,7941.9,1.043,828.5
WY,WY US Equity,44631,44631,D,Q,USD,44631,5.419,33695.634,29569.6342,44561,3342,0.427,596.75
WHR,WHR US Equity,44631,44631,D,Q,USD,44631,3.38,14066.947,10838.9469,44561,3163,6.27,695.5
WMB,WMB US Equity,44631,44631,D,Q,USD,44631,5.348,63301.077,38777.41,44561,22159,0.314,1404.833
WTW,WTW US Equity,44631,44631,D,Q,USD,44631,1.466,28743.658,25989.9914,44561,1004,2.657,527.833
WYNN,WYNN US Equity,44631,44631,D,Q,USD,44631,#N/A N/A,17219.797,8381.7943,44561,9554.125,-0.827,230.6
XEL,XEL US Equity,44631,44631,D,Q,USD,44631,2.743,62407.82,38296.3202,44561,24570,0.701,1106.667
XYL,XYL US Equity,44631,44631,D,Q,USD,44631,1.414,16157.333,15043.3332,44561,1403,0.581,205.222
YUM,YUM US Equity,44631,44631,D,Q,USD,44631,1.927,44498.804,33596.929,44561,11641,1.145,595.25
ZBRA,ZBRA US Equity,44631,44631,D,Q,USD,44631,#N/A N/A,21058.495,20492.4952,44561,813,4.414,321.75
ZBH,ZBH US Equity,44631,44631,D,Q,USD,44631,0.832,30814.414,24854.464,44561,6879.8,1.806,618.455
ZION,ZION US Equity,44631,44631,D,Q,USD,44631,2.398,11149.04,9732.5874,44561,-10834,1.065,#N/A N/A
ZTS,ZTS US Equity,44631,44631,D,Q,USD,44631,0.685,#N/A N/A,87451.4288,44561,3299,1.296,1124